{
  "keys" : {
    "systemAnswer_Welcome" : {
      "annotation" : null,
      "extensionType" : null,
      "message" : "Welcome to ML entity demo bot for airport. You can ask questions like: Delhi airport customer service is prompt. \n",
      "trackingId" : "A24BA8FB-261F-465F-B8F3-7DF9A1BBC889"
    },
    "systemComponent_AgentConversation_conclusionMessage" : {
      "annotation" : "The message shown to the user when human agent ends the chat.",
      "extensionType" : null,
      "message" : "Chat session ended. Thanks for chatting with us.",
      "trackingId" : "53606F8B-8260-4B44-BD6F-015234C413A6"
    },
    "systemComponent_AgentConversation_errorMessage" : {
      "annotation" : "The message shown to the user when Digital Assistant experiences errors with the agent chat system.",
      "extensionType" : null,
      "message" : "Chat session error. The reason is: {0}.",
      "trackingId" : "48BA28D1-F354-41BB-BD5F-2D6B35EF1858"
    },
    "systemComponent_AgentConversation_exitKeywords" : {
      "annotation" : "Comma-delimited list of keywords the user can use to end the chat with the agent.",
      "extensionType" : null,
      "message" : "bye, take care, see you, goodbye",
      "trackingId" : "FE930541-FDC9-4216-AF55-FF29F9FAEE63"
    },
    "systemComponent_AgentConversation_expiryMessage" : {
      "annotation" : "The message shown to the user when the chat session expires.",
      "extensionType" : null,
      "message" : "Chat session expired. Thanks for chatting with us.",
      "trackingId" : "8EE12CC9-0FA4-4EA8-8189-0FA94E86036D"
    },
    "systemComponent_AgentConversation_userLeftMessage" : {
      "annotation" : null,
      "extensionType" : null,
      "message" : "User left the chat.",
      "trackingId" : "B6C72768-E5A3-4D52-AF1B-08C05110B747"
    },
    "systemComponent_AgentConversation_waitExpiryMessage" : {
      "annotation" : "The message shown to the user when the chat expires while waiting for an agent.",
      "extensionType" : null,
      "message" : "The request for live chat expired while waiting for an agent.",
      "trackingId" : "318A1D68-3CFC-46A0-ADAD-057DDFBDE83D"
    },
    "systemComponent_AgentInitiation_agentActionsMessage" : {
      "annotation" : "Message preceding the list of agent actions.",
      "extensionType" : null,
      "message" : "\\n Here are the available actions that you can send to transfer the conversation back to the bot. Prepend the action with a forward slash (for example, /actionName).\\n",
      "trackingId" : "5DC7AE92-5AFA-40E9-A2C6-A743114EFB8F"
    },
    "systemComponent_AgentInitiation_errorMessage" : {
      "annotation" : "The message shown to user when system error occurs during chat initiation with agent.",
      "extensionType" : null,
      "message" : "Error transferring to agent. The reason is: {0}.",
      "trackingId" : "A2226CA6-3C54-424A-8E12-2714A0B23899"
    },
    "systemComponent_AgentInitiation_rejectedMessage" : {
      "annotation" : "The message shown to the user when human agent rejects the chat request.",
      "extensionType" : null,
      "message" : "Agent rejected.",
      "trackingId" : "D9FCDE22-0328-426F-9AEB-B2ED76B44229"
    },
    "systemComponent_AgentInitiation_resumedMessage" : {
      "annotation" : "The message shown to the user when the chat with human agent is resumed.",
      "extensionType" : null,
      "message" : "Resuming chat with agent",
      "trackingId" : "E38F6528-BADD-46A7-8C16-DBFE102E9060"
    },
    "systemComponent_AgentInitiation_waitingMessage" : {
      "annotation" : "The message that's shown to users when they are waiting for a human agent.",
      "extensionType" : null,
      "message" : "Agent chat session established, Waiting for agent to join.",
      "trackingId" : "F158234C-08B6-401F-9832-27BDA2288F9E"
    },
    "systemComponent_AgentTransfer_acceptedMessage" : {
      "annotation" : "The message that's shown to the users whenever a human agent accepts the chat request.",
      "extensionType" : null,
      "message" : "The chat has been transferred to another agent.",
      "trackingId" : "3723CF7D-0B81-49B2-9D6E-16AC026B14CA"
    },
    "systemComponent_AgentTransfer_errorMessage" : {
      "annotation" : "The message shown to the user when Digital Assistant experiences trouble with the agent chat system.",
      "extensionType" : null,
      "message" : "We were unable to transfer you to another agent because there was a system error.",
      "trackingId" : "8DD08F71-34D1-4C4B-9D39-68BB55CA418A"
    },
    "systemComponent_AgentTransfer_rejectedMessage" : {
      "annotation" : "The message that's shown to the users whenever a human agent rejects the chat request, 'maxEngagementsInQueue' is exceeded, the 'allowTransferIf' condition is not met, or the estimated wait time exceeds 'maxWaitSeconds'.",
      "extensionType" : null,
      "message" : "Agent rejected.",
      "trackingId" : "5720032D-7AE2-4C04-81E1-412E3964C4C8"
    },
    "systemComponent_AgentTransfer_waitingMessage" : {
      "annotation" : "The message that's shown to users when they're transferred to a human agent.",
      "extensionType" : null,
      "message" : "Agent chat session established, Waiting for agent to join.",
      "trackingId" : "98A344C6-B059-4664-ADC1-19F6FE796E55"
    },
    "systemComponent_IntelligentAdvisor_answerNotValid" : {
      "annotation" : "Message that's displayed for Intelligent Advisor interview inputs of type Masked when the user's answer doesn't conform to the specified input mask.",
      "extensionType" : null,
      "message" : "The answer is not in the correct format. Try again.",
      "trackingId" : "38E944D2-6E0C-450D-A9D5-B8E17EF66D65"
    },
    "systemComponent_IntelligentAdvisor_defaultValue" : {
      "annotation" : "Text that's added to a question when the Intelligent Advisor interview input has a default value.",
      "extensionType" : null,
      "message" : "Suggested value is {0}.",
      "trackingId" : "C1B85C17-A79E-4027-BD1E-6992CBEF8466"
    },
    "systemComponent_IntelligentAdvisor_doneHelp" : {
      "annotation" : "Help message that's displayed for Intelligent Advisor interview inputs of type Upload.",
      "extensionType" : null,
      "message" : "When you are done with the upload, say {0}.",
      "trackingId" : "6A19D323-6AD9-4442-BCBD-97FF4F3DD5A4"
    },
    "systemComponent_IntelligentAdvisor_doneLabel" : {
      "annotation" : "The text that users have to type to indicate that they are done uploading a file.",
      "extensionType" : null,
      "message" : "/done",
      "trackingId" : "DF2F1BE5-4AE5-4E8E-AF79-8D235C4E33A3"
    },
    "systemComponent_IntelligentAdvisor_endLabel" : {
      "annotation" : "The label that is shown in the chat at the end of the interview.",
      "extensionType" : null,
      "message" : "Interview ended",
      "trackingId" : "1CB67067-0B2A-45E0-82EB-EC9224E07CCA"
    },
    "systemComponent_IntelligentAdvisor_exitLabel" : {
      "annotation" : "The text that users have to type to indicate that they want to exit the interview.",
      "extensionType" : null,
      "message" : "/exit",
      "trackingId" : "C0969BC8-1C4C-40B1-B517-F5213BA23794"
    },
    "systemComponent_IntelligentAdvisor_explanationAskLabel" : {
      "annotation" : "The question that is asked when showExplanation is set to 'ask'.",
      "extensionType" : null,
      "message" : "Do you want to see the explanation?",
      "trackingId" : "8B073A2D-063E-4C89-855A-3F0604985429"
    },
    "systemComponent_IntelligentAdvisor_maskLabel" : {
      "annotation" : "Text that's added to a question to display the expected format for Intelligent Advisor interview inputs of type Masked Text Box.",
      "extensionType" : null,
      "message" : "Answer format: {0}",
      "trackingId" : "09EA60BD-9B24-41E6-A5E0-FA0A880E3505"
    },
    "systemComponent_IntelligentAdvisor_noLabel" : {
      "annotation" : "The label to use to represent Boolean FALSE values.",
      "extensionType" : null,
      "message" : "No",
      "trackingId" : "F844D53F-FD2C-41F0-A6EC-BE9E25BD4927"
    },
    "systemComponent_IntelligentAdvisor_numberMinMax" : {
      "annotation" : "Message that's displayed when the user enters a value outside of the specified range for an Intelligent Advisor interview input of type Slider.",
      "extensionType" : null,
      "message" : "Enter a number between {0} and {1}.",
      "trackingId" : "BB5D31BB-AA3F-4C08-9400-FB78D6D03857"
    },
    "systemComponent_IntelligentAdvisor_outOfOrderMessage" : {
      "annotation" : "Error message that's displayed when the user taps a button in a previous Intelligent Advisor interview message.",
      "extensionType" : null,
      "message" : "You have already answered this question. When you want to step backwards to change a previous answer, say {0}.",
      "trackingId" : "C81F59D3-C650-4D0E-A5DD-E05ADAC5541F"
    },
    "systemComponent_IntelligentAdvisor_resetLabel" : {
      "annotation" : "The text that users have to type to indicate that they want to go back to the first question.",
      "extensionType" : null,
      "message" : "/reset",
      "trackingId" : "0C96F4D0-9D63-4722-952B-B21DA1F013C8"
    },
    "systemComponent_IntelligentAdvisor_resumeSessionPrompt" : {
      "annotation" : "Question that is asked if the user starts an interview that they had previously left before the interview completed.",
      "extensionType" : null,
      "message" : "Do you want to restart the interview from where you previously left?",
      "trackingId" : "DC4EA6DA-8749-4B54-AA54-975D0FC1C5A1"
    },
    "systemComponent_IntelligentAdvisor_uncertainLabel" : {
      "annotation" : "The label that appears for optional values and is what the user can type if they don't know the value.",
      "extensionType" : null,
      "message" : "Uncertain",
      "trackingId" : "B6344455-04F9-40BA-835E-FC505453735B"
    },
    "systemComponent_IntelligentAdvisor_undoLabel" : {
      "annotation" : "The text that users have to type to indicate that they want to go back to the previous question.",
      "extensionType" : null,
      "message" : "/back",
      "trackingId" : "30D513A1-FCC7-4909-BFFB-2F24C51AC7D9"
    },
    "systemComponent_IntelligentAdvisor_yesLabel" : {
      "annotation" : "The label to use to represent Boolean TRUE values.",
      "extensionType" : null,
      "message" : "Yes",
      "trackingId" : "07DA61D9-D063-45E7-B737-94F4AA901C83"
    },
    "systemComponent_IntelligentAdvisor_yesNoMessage" : {
      "annotation" : "Message that's displayed when the user enters an invalid answer for Intelligent Advisor interview inputs of type Boolean Radio Button.",
      "extensionType" : null,
      "message" : "Enter either {0} or {1}",
      "trackingId" : "80A4CE74-94C2-4FE0-BB25-3E411CF4B940"
    },
    "systemComponent_Intent_optionsPrompt" : {
      "annotation" : "The prompt shown to the user when there are multiple top intents within the confidence win margin.",
      "extensionType" : null,
      "message" : "Do you want to",
      "trackingId" : "57695F11-C885-478A-82A5-F39F75F9988B"
    },
    "systemComponent_Intent_optionsQnaLabel" : {
      "annotation" : "The label of the action in the options (see optionsPrompt) that will take the user to the QnA component to display the matches.",
      "extensionType" : null,
      "message" : "View Answers",
      "trackingId" : "702568AB-2B1D-4E30-923B-888F448C61F6"
    },
    "systemComponent_KnowledgeSearch_defaultAttachmentLabel" : {
      "annotation" : "The default label to use for the result card's URL action that is linked with an attachment of the search result if that attachment does not have a display name configured already.",
      "extensionType" : null,
      "message" : "Download",
      "trackingId" : "A50BE2C8-BD91-4C81-8E62-FC5E40E04F3E"
    },
    "systemComponent_KnowledgeSearch_noResultText" : {
      "annotation" : "The text to output when no search result is available.",
      "extensionType" : null,
      "message" : "Sorry, no result was found in the knowledge search.",
      "trackingId" : "CC0D5067-F751-4B68-92F4-2019D149ACF9"
    },
    "systemComponent_KnowledgeSearch_resultLinkLabel" : {
      "annotation" : "The label to use for the result card's URL action that's linked to the web version of the knowledge article.",
      "extensionType" : null,
      "message" : "View Details",
      "trackingId" : "39D6238D-F581-4FFB-927E-B6AC7DA6D648"
    },
    "systemComponent_OAuth2AccountLink_cancelLabel" : {
      "annotation" : "The label for the cancel button that lets users leave the state without invoking the authentication dialog.",
      "extensionType" : null,
      "message" : "Cancel",
      "trackingId" : "73E96272-1D67-401D-BEEB-910978BF88BE"
    },
    "systemComponent_OAuth2AccountLink_linkLabel" : {
      "annotation" : "The label for the button that invokes the authentication dialog.",
      "extensionType" : null,
      "message" : "Get an access token",
      "trackingId" : "77615C11-62D5-4920-8A0E-288366412462"
    },
    "systemComponent_OAuth2AccountLink_prompt" : {
      "annotation" : "The message that tells users to sign in now.",
      "extensionType" : null,
      "message" : "Please sign in",
      "trackingId" : "537143D8-AD57-4389-8F28-5AF6118AE818"
    },
    "systemComponent_OAuthAccountLink_cancelLabel" : {
      "annotation" : "The label for the cancel button that lets users leave the state without invoking the authentication dialog.",
      "extensionType" : null,
      "message" : "Cancel",
      "trackingId" : "56D7598F-1B67-47C8-A5AD-4A8C1288EB47"
    },
    "systemComponent_OAuthAccountLink_linkLabel" : {
      "annotation" : "The label for the button that invokes the authentication dialog.",
      "extensionType" : null,
      "message" : "Log In",
      "trackingId" : "8230650A-323B-4AC7-93BA-23542007E6F5"
    },
    "systemComponent_OAuthAccountLink_prompt" : {
      "annotation" : "The message that tells users to sign in now.",
      "extensionType" : null,
      "message" : "Please tap on the link to proceed",
      "trackingId" : "3D4D23F4-0F4F-4AEC-A8B6-F4F82F8C57B6"
    },
    "systemComponent_QnA_answersLabel" : {
      "annotation" : "The label for the action to view answers in a particular category.",
      "extensionType" : null,
      "message" : "Answers",
      "trackingId" : "44485486-6EA5-45F5-92C7-8B5958EF4F02"
    },
    "systemComponent_QnA_categoriesLabel" : {
      "annotation" : "The label for the action to display the categories that match the user utterance.",
      "extensionType" : null,
      "message" : "Categories",
      "trackingId" : "ED8E840B-FB1C-4CA6-80AB-011ECB94EC94"
    },
    "systemComponent_QnA_exitLabel" : {
      "annotation" : "The label for the exit questions action.",
      "extensionType" : null,
      "message" : "Exit Questions",
      "trackingId" : "6D7EA7DA-CFDB-4F18-B9F6-2D9F950C80FA"
    },
    "systemComponent_QnA_moreAnswersLabel" : {
      "annotation" : "The label for the action to paginate to next set of answers.",
      "extensionType" : null,
      "message" : "More Answers",
      "trackingId" : "BA8DA1D1-E897-4CC0-8720-9CEFAB8B3CB6"
    },
    "systemComponent_QnA_moreCategoriesLabel" : {
      "annotation" : "The label for the action to paginate to next set of categories.",
      "extensionType" : null,
      "message" : "More Categories",
      "trackingId" : "79E99DB0-8483-4084-8EBE-1A8ECDCECDCD"
    },
    "systemComponent_QnA_subCategoriesLabel" : {
      "annotation" : "The label for the action to display sub-categories within a given category.",
      "extensionType" : null,
      "message" : "Sub-Categories",
      "trackingId" : "D705D205-AC04-4198-8737-602373A3A471"
    },
    "systemComponent_QnA_viewAnswerLabel" : {
      "annotation" : "The label for the action to view answer details.",
      "extensionType" : null,
      "message" : "View",
      "trackingId" : "3A29D9ED-8A62-4D79-865C-EDE33DD70111"
    },
    "systemComponent_ResolveEntities_defaultDisambiguationPrompt" : {
      "annotation" : "Default message shown when the user entered ambiguous input causing multiple entity matches.",
      "extensionType" : null,
      "message" : "Please select one value for {0}",
      "trackingId" : "07690FC0-51EF-4A50-B1A2-0578B893B049"
    },
    "systemComponent_ResolveEntities_defaultPrompt" : {
      "annotation" : "Default message shown to prompt the user for input.",
      "extensionType" : null,
      "message" : "Please enter {0}",
      "trackingId" : "707222F0-412E-4A56-8EA9-75DC77E91481"
    },
    "systemComponent_ResolveEntities_showMoreLabel" : {
      "annotation" : "The label used for the forward pagination button when the number of enumeration values, or disambiguation matches exceeds the 'Enumeration Range Size' property of the composite bag item.",
      "extensionType" : null,
      "message" : "Show More",
      "trackingId" : "64D7004C-51B6-4680-ABBE-9C67DC07DDB7"
    },
    "systemComponent_ResolveEntities_showPreviousLabel" : {
      "annotation" : "The label used for the backward pagination button when the number of enumeration values, or disambiguation matches exceeds the 'Enumeration Range Size' property of the composite bag item.",
      "extensionType" : null,
      "message" : "Show Previous",
      "trackingId" : "A31D9EE2-D38E-4244-83F3-E5267DD71E05"
    },
    "systemComponent_SelectCalendarEvent_prompt" : {
      "annotation" : "The text that appears before the list of meeting.",
      "extensionType" : null,
      "message" : "You have the following meeting(s):",
      "trackingId" : "BC44D176-0CB0-46D1-8AE5-AE46DC1F7186"
    },
    "systemComponent_Webview_cancelLabel" : {
      "annotation" : "The label of the cancel button to leave this state without invoking the webview.",
      "extensionType" : null,
      "message" : "Cancel",
      "trackingId" : "0D5476BC-DDA7-4640-A687-EB157A8B079B"
    },
    "systemComponent_Webview_linkLabel" : {
      "annotation" : "The label of the button to invoke the webview.",
      "extensionType" : null,
      "message" : "Tap to continue",
      "trackingId" : "EC6FBDFF-5FBB-48DA-9A01-877066F6089D"
    },
    "systemComponent_Webview_prompt" : {
      "annotation" : "The message for the user to tap on the link to invoke the webview.",
      "extensionType" : null,
      "message" : "Please tap on the link to proceed",
      "trackingId" : "2379551E-C512-41AE-955C-76FFC5DB8C09"
    },
    "systemConfiguration_autoNumberPrefixSeparator" : {
      "annotation" : "The separator used between the number prefix and the postback action label.",
      "extensionType" : null,
      "message" : ".",
      "trackingId" : "EBAC3886-CA26-4B75-8477-5A23601BF863"
    },
    "systemConfiguration_autoNumberPrefixes" : {
      "annotation" : "The prefixes used for auto-numbering postback action labels.",
      "extensionType" : null,
      "message" : "1,2,3,4,5,6,7,8,9,10,11,12,13,14,15,16,17,18,19,20",
      "trackingId" : "FDCA6E5F-B28C-4AD2-A63D-9E141085D909"
    },
    "systemConfiguration_errorExpiredSessionPrompt" : {
      "annotation" : "The message when the session has expired.",
      "extensionType" : null,
      "message" : "Your session has expired.  Please start again.",
      "trackingId" : "B885AC9F-BDD1-46C4-A24F-3012C2501404"
    },
    "systemConfiguration_errorMaxStatesExceededPrompt" : {
      "annotation" : "The message when the bot appears to be in an infinite loop.",
      "extensionType" : null,
      "message" : "Your session appears to be in an infinite loop.",
      "trackingId" : "2A19DBD1-4C7A-4B63-9C48-867ECE514A46"
    },
    "systemConfiguration_errorUnexpectedErrorPrompt" : {
      "annotation" : "The message when there is an unexpected error.",
      "extensionType" : null,
      "message" : "Oops I'm encountering a spot of trouble. Please try again later...",
      "trackingId" : "A5410F9E-051E-41B7-94D6-C01BF62C36D5"
    },
    "systemConfiguration_internalWelcomeMessage" : {
      "annotation" : "The internal message sent to the skill when a channel handles the event that a new user has gotten access to the skill. The reply to the internal message is sent as welcome message to the new user.",
      "extensionType" : null,
      "message" : "help",
      "trackingId" : "FB343116-07C3-458D-9CA8-611A4CF15572"
    },
    "systemConfiguration_oauthCancelPrompt" : {
      "annotation" : "The message when OAuth authorization is canceled.",
      "extensionType" : null,
      "message" : "Authentication canceled.",
      "trackingId" : "318E8428-13DB-4CED-85F4-5AADCA74B33C"
    },
    "systemConfiguration_oauthSuccessPrompt" : {
      "annotation" : "The message when OAuth authorization succeeds.",
      "extensionType" : null,
      "message" : "Authentication successful! You can return to the conversation.",
      "trackingId" : "795E13D7-6725-4B6E-AF1C-0E17FC49384A"
    },
    "systemFlowName_Welcome" : {
      "annotation" : null,
      "extensionType" : null,
      "message" : "Intent00001",
      "trackingId" : "CC181BD5-672E-4984-B7BB-1B66A8DA64A0"
    },
    "systemFlowName_getAirportInfo" : {
      "annotation" : null,
      "extensionType" : null,
      "message" : "Intent00002",
      "trackingId" : "C3E50F94-4D34-42C7-9885-9C8071748E52"
    }
  },
  "languageTag" : "default"
}