{
  "botPrompts" : [ {
    "sequenceNr" : null,
    "text" : "Please enter cbAirportName"
  } ],
  "compositeBagItems" : [ {
    "entityName" : "airportname",
    "entityUsage" : {
      "type" : "MLBASED",
      "botPrompts" : [ {
        "text" : "Please enter airportname",
        "trackingId" : "0CAE34F8-2306-4797-836A-0F86F2DD7F1A"
      } ],
      "customSettings" : null,
      "description" : null,
      "disambiguationPrompt" : null,
      "enumRangeSize" : null,
      "errorMessage" : null,
      "eventHandler" : null,
      "extensionType" : null,
      "fuzzyMatch" : false,
      "multiLingual" : null,
      "multiValue" : false,
      "name" : "airportname",
      "promptForDisambiguation" : true,
      "trackingId" : "A317C35F-2A33-455B-BFE5-FAD3B8CF5088",
      "validationRules" : [ ]
    },
    "fuzzyMatch" : false,
    "maxPrompts" : 2,
    "multiLingual" : false,
    "multiValue" : false,
    "name" : "airportname",
    "outOfOrderExtraction" : true,
    "promptForDisambiguation" : true,
    "prompts" : [ {
      "sequenceNr" : null,
      "text" : "I could not find any airport name in your query."
    } ],
    "sequenceNr" : 1,
    "trackingId" : "57288668-8E7F-4318-A72A-143AC14B5C59",
    "type" : "ENTITY"
  } ],
  "eventHandler" : "airportService:airportHandler",
  "fuzzyMatch" : false,
  "multiValue" : false,
  "name" : "cbAirportName",
  "promptForDisambiguation" : true,
  "trackingId" : "8B0F5E99-B3DD-4831-8410-CB605A0F41E1",
  "type" : "COMPOSITEBAG",
  "validationRules" : [ ]
}