{
  "botPrompts" : [ ],
  "enumValues" : [ {
    "type" : "StaticEntityValue",
    "canonicalName" : "Hello!",
    "extensionType" : null,
    "nativeLanguageTag" : "en",
    "primaryLanguageCanonicalName" : "Hello!",
    "synonyms" : null,
    "trackingId" : "F37B5211-5B36-4789-AFDE-1539F5E42E16"
  }, {
    "type" : "StaticEntityValue",
    "canonicalName" : "Ola!",
    "extensionType" : null,
    "nativeLanguageTag" : "en",
    "primaryLanguageCanonicalName" : "Ola!",
    "synonyms" : null,
    "trackingId" : "15BD4BA1-9F3C-4FEF-BD0C-CC0ED9F7CED9"
  }, {
    "type" : "StaticEntityValue",
    "canonicalName" : "Vannakam!",
    "extensionType" : null,
    "nativeLanguageTag" : "en",
    "primaryLanguageCanonicalName" : "Vannakam!",
    "synonyms" : null,
    "trackingId" : "2EDA5529-71C0-4F6B-B486-766CCB42555A"
  }, {
    "type" : "StaticEntityValue",
    "canonicalName" : "Namaste!",
    "extensionType" : null,
    "nativeLanguageTag" : "en",
    "primaryLanguageCanonicalName" : "Namaste!",
    "synonyms" : null,
    "trackingId" : "51CDFDAD-180E-439A-BF4E-9550712C0982"
  } ],
  "fuzzyMatch" : false,
  "multiValue" : false,
  "name" : "GreetingType",
  "promptForDisambiguation" : true,
  "trackingId" : "FAD80737-84B7-4651-AD3B-045DE8F54D80",
  "type" : "ENUMVALUES",
  "validationRules" : [ ]
}