{
  "botPrompts" : [ ],
  "compositeBagItems" : [ {
    "entityName" : "GreetingType",
    "entityUsage" : {
      "type" : "ENUMVALUES",
      "botPrompts" : [ ],
      "customSettings" : null,
      "description" : null,
      "disambiguationPrompt" : null,
      "enumRangeSize" : null,
      "errorMessage" : null,
      "eventHandler" : null,
      "extensionType" : null,
      "fuzzyMatch" : false,
      "multiLingual" : null,
      "multiValue" : false,
      "name" : "GreetingType",
      "promptForDisambiguation" : true,
      "trackingId" : "FAD80737-84B7-4651-AD3B-045DE8F54D80",
      "validationRules" : [ ],
      "valueClass" : "oracle.cloud.bots.model.entity.metadata.StaticEntityValue"
    },
    "errorMessage" : "'${system.entityToResolve.value.userInput!'This'}' is not a valid greeting type.",
    "fuzzyMatch" : false,
    "maxPrompts" : 3,
    "multiLingual" : false,
    "multiValue" : false,
    "name" : "Type",
    "outOfOrderExtraction" : true,
    "promptForDisambiguation" : true,
    "prompts" : [ {
      "sequenceNr" : 1,
      "text" : "Hi there! What would you like me to echo back?"
    }, {
      "sequenceNr" : null,
      "text" : "Please use the buttons to select a valid greeting type."
    } ],
    "sequenceNr" : 1,
    "trackingId" : "F82961C5-6A81-4A3E-9419-6545A88539D1",
    "type" : "ENTITY"
  }, {
    "fuzzyMatch" : false,
    "multiLingual" : false,
    "multiValue" : false,
    "name" : "Name",
    "outOfOrderExtraction" : false,
    "promptForDisambiguation" : true,
    "prompts" : [ {
      "sequenceNr" : null,
      "text" : "What is your name?"
    } ],
    "sequenceNr" : 2,
    "trackingId" : "F9E1EA51-60A9-415F-8927-405147779643",
    "type" : "STRING"
  } ],
  "fuzzyMatch" : false,
  "multiValue" : false,
  "name" : "Greeting",
  "promptForDisambiguation" : true,
  "trackingId" : "9BBC306A-B407-4B2C-BFDF-EFDCA6252A58",
  "type" : "COMPOSITEBAG",
  "validationRules" : [ ]
}