{
  "autoCompleteData" : [ ],
  "enabled" : true,
  "exampleData" : [ {
    "contributor" : null,
    "crowdJobId" : null,
    "detectedLanguage" : null,
    "developerId" : null,
    "developerTag" : null,
    "exampleEntities" : [ ],
    "nativeLanguageTag" : "en",
    "sentence" : "$21 for hiring Dorowa Airport",
    "trackingId" : "2491854C-06DD-44BD-8DDA-BA5B15C3971E",
    "translated" : null,
    "translatedBy" : null,
    "translatedLanguage" : null
  }, {
    "contributor" : null,
    "crowdJobId" : null,
    "detectedLanguage" : null,
    "developerId" : null,
    "developerTag" : null,
    "exampleEntities" : [ ],
    "nativeLanguageTag" : "en",
    "sentence" : "$21 for hiring Makado Airport",
    "trackingId" : "AEEF37E4-9472-4E96-9406-C88CA4355ED5",
    "translated" : null,
    "translatedBy" : null,
    "translatedLanguage" : null
  }, {
    "contributor" : null,
    "crowdJobId" : null,
    "detectedLanguage" : null,
    "developerId" : null,
    "developerTag" : null,
    "exampleEntities" : [ ],
    "nativeLanguageTag" : "en",
    "sentence" : "$36 for hiring Wenshan Puzhehei Airport",
    "trackingId" : "1AC159A3-E9AE-4CC2-8873-427045AA9EDD",
    "translated" : null,
    "translatedBy" : null,
    "translatedLanguage" : null
  }, {
    "contributor" : null,
    "crowdJobId" : null,
    "detectedLanguage" : null,
    "developerId" : null,
    "developerTag" : null,
    "exampleEntities" : [ ],
    "nativeLanguageTag" : "en",
    "sentence" : "$4,699 for hiring Kangding Airport",
    "trackingId" : "B1D6DF06-CF82-4851-A7AA-9A50A869AA01",
    "translated" : null,
    "translatedBy" : null,
    "translatedLanguage" : null
  }, {
    "contributor" : null,
    "crowdJobId" : null,
    "detectedLanguage" : null,
    "developerId" : null,
    "developerTag" : null,
    "exampleEntities" : [ ],
    "nativeLanguageTag" : "en",
    "sentence" : "$4,699 for hiring Turwi River Airstrip",
    "trackingId" : "22F5DCAB-FB81-4C42-AEAC-3AB45D886074",
    "translated" : null,
    "translatedBy" : null,
    "translatedLanguage" : null
  }, {
    "contributor" : null,
    "crowdJobId" : null,
    "detectedLanguage" : null,
    "developerId" : null,
    "developerTag" : null,
    "exampleEntities" : [ ],
    "nativeLanguageTag" : "en",
    "sentence" : "$8 for hiring Hwali Airport",
    "trackingId" : "4B5EE893-DFC4-4F29-A7B3-ABF599EAF7BE",
    "translated" : null,
    "translatedBy" : null,
    "translatedLanguage" : null
  }, {
    "contributor" : null,
    "crowdJobId" : null,
    "detectedLanguage" : null,
    "developerId" : null,
    "developerTag" : null,
    "exampleEntities" : [ ],
    "nativeLanguageTag" : "en",
    "sentence" : "$8 for hiring Nanping Wuyishan Airport",
    "trackingId" : "A7007E01-6265-4DB3-9485-7D613EC926E4",
    "translated" : null,
    "translatedBy" : null,
    "translatedLanguage" : null
  }, {
    "contributor" : null,
    "crowdJobId" : null,
    "detectedLanguage" : null,
    "developerId" : null,
    "developerTag" : null,
    "exampleEntities" : [ ],
    "nativeLanguageTag" : "en",
    "sentence" : "$8,509 for hiring Wenzhou Longwan International Airport",
    "trackingId" : "D9A5C85B-D6BE-4711-9507-55F4CD12B85E",
    "translated" : null,
    "translatedBy" : null,
    "translatedLanguage" : null
  }, {
    "contributor" : null,
    "crowdJobId" : null,
    "detectedLanguage" : null,
    "developerId" : null,
    "developerTag" : null,
    "exampleEntities" : [ ],
    "nativeLanguageTag" : "en",
    "sentence" : "Alashankou Bole (Bortala) airport hacked my card details, I want to file a complaint immediately",
    "trackingId" : "29942979-C192-4F68-BD4F-5D01BCF052A9",
    "translated" : null,
    "translatedBy" : null,
    "translatedLanguage" : null
  }, {
    "contributor" : null,
    "crowdJobId" : null,
    "detectedLanguage" : null,
    "developerId" : null,
    "developerTag" : null,
    "exampleEntities" : [ ],
    "nativeLanguageTag" : "en",
    "sentence" : "Alashankou Bole (Bortala) airport has a customer rating of 2.77 stars from 79 reviews",
    "trackingId" : "CF5EEA4B-5792-43EA-B59B-6449478CB3FD",
    "translated" : null,
    "translatedBy" : null,
    "translatedLanguage" : null
  }, {
    "contributor" : null,
    "crowdJobId" : null,
    "detectedLanguage" : null,
    "developerId" : null,
    "developerTag" : null,
    "exampleEntities" : [ ],
    "nativeLanguageTag" : "en",
    "sentence" : "Can you please adjust an expense for Hangzhou Xiaoshan International Airport amounting to $8,509",
    "trackingId" : "737FFF89-2737-4308-B158-D91FB82A8959",
    "translated" : null,
    "translatedBy" : null,
    "translatedLanguage" : null
  }, {
    "contributor" : null,
    "crowdJobId" : null,
    "detectedLanguage" : null,
    "developerId" : null,
    "developerTag" : null,
    "exampleEntities" : [ ],
    "nativeLanguageTag" : "en",
    "sentence" : "Can you please delete an expenditure for Anshun Huangguoshu Airport costs over $4,699",
    "trackingId" : "640ECB6A-93D0-43E6-A2F2-7BFB7D075676",
    "translated" : null,
    "translatedBy" : null,
    "translatedLanguage" : null
  }, {
    "contributor" : null,
    "crowdJobId" : null,
    "detectedLanguage" : null,
    "developerId" : null,
    "developerTag" : null,
    "exampleEntities" : [ ],
    "nativeLanguageTag" : "en",
    "sentence" : "Can you please delete an expense for Matetsi Airport costing $8",
    "trackingId" : "D3CB876A-CEA0-409A-8765-3B5453366045",
    "translated" : null,
    "translatedBy" : null,
    "translatedLanguage" : null
  }, {
    "contributor" : null,
    "crowdJobId" : null,
    "detectedLanguage" : null,
    "developerId" : null,
    "developerTag" : null,
    "exampleEntities" : [ ],
    "nativeLanguageTag" : "en",
    "sentence" : "Changzhou Benniu Airport is a transport network company, well-known for its ride-hailing taxi app.",
    "trackingId" : "E0849BF7-0D01-4131-AF35-31004E81FA12",
    "translated" : null,
    "translatedBy" : null,
    "translatedLanguage" : null
  }, {
    "contributor" : null,
    "crowdJobId" : null,
    "detectedLanguage" : null,
    "developerId" : null,
    "developerTag" : null,
    "exampleEntities" : [ ],
    "nativeLanguageTag" : "en",
    "sentence" : "Chapoto Road Airstrip deceived us, can you please help me with this issue?",
    "trackingId" : "1FC7681E-703B-4A12-831D-C32FC2B439F0",
    "translated" : null,
    "translatedBy" : null,
    "translatedLanguage" : null
  }, {
    "contributor" : null,
    "crowdJobId" : null,
    "detectedLanguage" : null,
    "developerId" : null,
    "developerTag" : null,
    "exampleEntities" : [ ],
    "nativeLanguageTag" : "en",
    "sentence" : "Chewonde Airport is a car rental company, well-known for its ride-hailing taxi app.",
    "trackingId" : "76243BE6-AF0C-4046-9246-A118552713B7",
    "translated" : null,
    "translatedBy" : null,
    "translatedLanguage" : null
  }, {
    "contributor" : null,
    "crowdJobId" : null,
    "detectedLanguage" : null,
    "developerId" : null,
    "developerTag" : null,
    "exampleEntities" : [ ],
    "nativeLanguageTag" : "en",
    "sentence" : "Chikwenya Game Lodge Airstrip is no more operating in Greece",
    "trackingId" : "F6DC6425-F9B6-4103-AB65-A2A08B4B0559",
    "translated" : null,
    "translatedBy" : null,
    "translatedLanguage" : null
  }, {
    "contributor" : null,
    "crowdJobId" : null,
    "detectedLanguage" : null,
    "developerId" : null,
    "developerTag" : null,
    "exampleEntities" : [ ],
    "nativeLanguageTag" : "en",
    "sentence" : "Diqing Airport has a consumer rating of 2.77 stars from 79 reviews",
    "trackingId" : "8119035D-3454-4875-AE7B-057ABE0E2952",
    "translated" : null,
    "translatedBy" : null,
    "translatedLanguage" : null
  }, {
    "contributor" : null,
    "crowdJobId" : null,
    "detectedLanguage" : null,
    "developerId" : null,
    "developerTag" : null,
    "exampleEntities" : [ ],
    "nativeLanguageTag" : "en",
    "sentence" : "Euro 777 for hiring Lijiang Airport",
    "trackingId" : "72308F07-651C-43BA-BA06-9AB5F3BF3F72",
    "translated" : null,
    "translatedBy" : null,
    "translatedLanguage" : null
  }, {
    "contributor" : null,
    "crowdJobId" : null,
    "detectedLanguage" : null,
    "developerId" : null,
    "developerTag" : null,
    "exampleEntities" : [ ],
    "nativeLanguageTag" : "en",
    "sentence" : "Fuzhou Changle International Airport duped me, I want to file a complaint immediately",
    "trackingId" : "73610BF8-B0A3-480F-B072-4593C0AA997F",
    "translated" : null,
    "translatedBy" : null,
    "translatedLanguage" : null
  }, {
    "contributor" : null,
    "crowdJobId" : null,
    "detectedLanguage" : null,
    "developerId" : null,
    "developerTag" : null,
    "exampleEntities" : [ ],
    "nativeLanguageTag" : "en",
    "sentence" : "Hangzhou Xiaoshan International Airport deceived us, decline the transaction",
    "trackingId" : "E55F7A01-F240-412A-95DA-F1F2C46D6424",
    "translated" : null,
    "translatedBy" : null,
    "translatedLanguage" : null
  }, {
    "contributor" : null,
    "crowdJobId" : null,
    "detectedLanguage" : null,
    "developerId" : null,
    "developerTag" : null,
    "exampleEntities" : [ ],
    "nativeLanguageTag" : "en",
    "sentence" : "Hangzhou Xiaoshan International Airport overcharged me, decline the transaction",
    "trackingId" : "413A1F1D-3A16-4F41-B3A1-EA8C1955169C",
    "translated" : null,
    "translatedBy" : null,
    "translatedLanguage" : null
  }, {
    "contributor" : null,
    "crowdJobId" : null,
    "detectedLanguage" : null,
    "developerId" : null,
    "developerTag" : null,
    "exampleEntities" : [ ],
    "nativeLanguageTag" : "en",
    "sentence" : "Huangyan Luqiao Airport overcharged me, decline the transaction",
    "trackingId" : "06B086B0-E9B7-4A90-841D-F0DDD35729B4",
    "translated" : null,
    "translatedBy" : null,
    "translatedLanguage" : null
  }, {
    "contributor" : null,
    "crowdJobId" : null,
    "detectedLanguage" : null,
    "developerId" : null,
    "developerTag" : null,
    "exampleEntities" : [ ],
    "nativeLanguageTag" : "en",
    "sentence" : "Jiamusi Airport duped me, decline my expense report",
    "trackingId" : "2E16B27A-57ED-4948-9383-2557DAAFDBBA",
    "translated" : null,
    "translatedBy" : null,
    "translatedLanguage" : null
  }, {
    "contributor" : null,
    "crowdJobId" : null,
    "detectedLanguage" : null,
    "developerId" : null,
    "developerTag" : null,
    "exampleEntities" : [ ],
    "nativeLanguageTag" : "en",
    "sentence" : "Jingdezhen Airport is no more operating in Bangladesh",
    "trackingId" : "819DF5B9-2002-455E-826D-82B51CA40063",
    "translated" : null,
    "translatedBy" : null,
    "translatedLanguage" : null
  }, {
    "contributor" : null,
    "crowdJobId" : null,
    "detectedLanguage" : null,
    "developerId" : null,
    "developerTag" : null,
    "exampleEntities" : [ ],
    "nativeLanguageTag" : "en",
    "sentence" : "Jiujiang Lushan Airport did fraud, I want to file a complaint immediately",
    "trackingId" : "E0F44AD5-EE32-4B60-9CF7-E44814F31614",
    "translated" : null,
    "translatedBy" : null,
    "translatedLanguage" : null
  }, {
    "contributor" : null,
    "crowdJobId" : null,
    "detectedLanguage" : null,
    "developerId" : null,
    "developerTag" : null,
    "exampleEntities" : [ ],
    "nativeLanguageTag" : "en",
    "sentence" : "Nanchang Changbei International Airport is no more operating in Ghana",
    "trackingId" : "8B792C2C-44EB-4276-AD59-CC0D43AB50FF",
    "translated" : null,
    "translatedBy" : null,
    "translatedLanguage" : null
  }, {
    "contributor" : null,
    "crowdJobId" : null,
    "detectedLanguage" : null,
    "developerId" : null,
    "developerTag" : null,
    "exampleEntities" : [ ],
    "nativeLanguageTag" : "en",
    "sentence" : "Please alter an expense for Lancang Jingmai Airport costs over $8,509",
    "trackingId" : "28C55AE6-8315-4F74-B102-53942A43C030",
    "translated" : null,
    "translatedBy" : null,
    "translatedLanguage" : null
  }, {
    "contributor" : null,
    "crowdJobId" : null,
    "detectedLanguage" : null,
    "developerId" : null,
    "developerTag" : null,
    "exampleEntities" : [ ],
    "nativeLanguageTag" : "en",
    "sentence" : "Please alter an expense for Zhoushan Airport costs over $8,509",
    "trackingId" : "E3D76411-C7E2-4C23-9F10-10A0B9B1EA36",
    "translated" : null,
    "translatedBy" : null,
    "translatedLanguage" : null
  }, {
    "contributor" : null,
    "crowdJobId" : null,
    "detectedLanguage" : null,
    "developerId" : null,
    "developerTag" : null,
    "exampleEntities" : [ ],
    "nativeLanguageTag" : "en",
    "sentence" : "Please revise an expense for Xinyuan Nalati Airport amounting to Euro 777",
    "trackingId" : "5A5D236C-81FE-4C89-BE41-6581A79155FA",
    "translated" : null,
    "translatedBy" : null,
    "translatedLanguage" : null
  }, {
    "contributor" : null,
    "crowdJobId" : null,
    "detectedLanguage" : null,
    "developerId" : null,
    "developerTag" : null,
    "exampleEntities" : [ ],
    "nativeLanguageTag" : "en",
    "sentence" : "Please update an expense for Jilin Airport costing $21",
    "trackingId" : "9AA139D8-EDCC-4242-A97A-52DC016A720B",
    "translated" : null,
    "translatedBy" : null,
    "translatedLanguage" : null
  }, {
    "contributor" : null,
    "crowdJobId" : null,
    "detectedLanguage" : null,
    "developerId" : null,
    "developerTag" : null,
    "exampleEntities" : [ ],
    "nativeLanguageTag" : "en",
    "sentence" : "Please update an expense for Liupanshui Yuezhao Airport amounting to $4,699",
    "trackingId" : "26817345-C2B6-40B7-BA49-834A6E280523",
    "translated" : null,
    "translatedBy" : null,
    "translatedLanguage" : null
  }, {
    "contributor" : null,
    "crowdJobId" : null,
    "detectedLanguage" : null,
    "developerId" : null,
    "developerTag" : null,
    "exampleEntities" : [ ],
    "nativeLanguageTag" : "en",
    "sentence" : "Rupangwana Airport took money off my card but didn't pick me up",
    "trackingId" : "869854DE-E619-4017-96E7-2422B4FDD1AF",
    "translated" : null,
    "translatedBy" : null,
    "translatedLanguage" : null
  }, {
    "contributor" : null,
    "crowdJobId" : null,
    "detectedLanguage" : null,
    "developerId" : null,
    "developerTag" : null,
    "exampleEntities" : [ ],
    "nativeLanguageTag" : "en",
    "sentence" : "Tacheng Airport is overpriced",
    "trackingId" : "F235E0A3-9A22-4718-918D-A66FABC84AAE",
    "translated" : null,
    "translatedBy" : null,
    "translatedLanguage" : null
  }, {
    "contributor" : null,
    "crowdJobId" : null,
    "detectedLanguage" : null,
    "developerId" : null,
    "developerTag" : null,
    "exampleEntities" : [ ],
    "nativeLanguageTag" : "en",
    "sentence" : "Towla Airport is no more operating in Ghana",
    "trackingId" : "1490F02F-281F-4AF2-9D8D-4DF5F5CDEA53",
    "translated" : null,
    "translatedBy" : null,
    "translatedLanguage" : null
  }, {
    "contributor" : null,
    "crowdJobId" : null,
    "detectedLanguage" : null,
    "developerId" : null,
    "developerTag" : null,
    "exampleEntities" : [ ],
    "nativeLanguageTag" : "en",
    "sentence" : "Wanxian Airport is overpriced",
    "trackingId" : "91AC45F2-9301-46F8-A818-02D1E05E1AA0",
    "translated" : null,
    "translatedBy" : null,
    "translatedLanguage" : null
  }, {
    "contributor" : null,
    "crowdJobId" : null,
    "detectedLanguage" : null,
    "developerId" : null,
    "developerTag" : null,
    "exampleEntities" : [ ],
    "nativeLanguageTag" : "en",
    "sentence" : "West Nicholson Airport is no more operating in The Bahamas",
    "trackingId" : "3ACCE0E4-865D-4A63-A1E0-37882EF00C08",
    "translated" : null,
    "translatedBy" : null,
    "translatedLanguage" : null
  }, {
    "contributor" : null,
    "crowdJobId" : null,
    "detectedLanguage" : null,
    "developerId" : null,
    "developerTag" : null,
    "exampleEntities" : [ ],
    "nativeLanguageTag" : "en",
    "sentence" : "Xichang Qingshan Airport is no more operating in Bolivia",
    "trackingId" : "805721E7-14F3-4BCF-B709-7A01764B630D",
    "translated" : null,
    "translatedBy" : null,
    "translatedLanguage" : null
  }, {
    "contributor" : null,
    "crowdJobId" : null,
    "detectedLanguage" : null,
    "developerId" : null,
    "developerTag" : null,
    "exampleEntities" : [ ],
    "nativeLanguageTag" : "en",
    "sentence" : "Yangzhou Taizhou Airport deceived us, I want to file a complaint immediately",
    "trackingId" : "08DA514B-BAEB-4684-9184-764C366F6978",
    "translated" : null,
    "translatedBy" : null,
    "translatedLanguage" : null
  }, {
    "contributor" : null,
    "crowdJobId" : null,
    "detectedLanguage" : null,
    "developerId" : null,
    "developerTag" : null,
    "exampleEntities" : [ ],
    "nativeLanguageTag" : "en",
    "sentence" : "Yaoqiang Airport hacked my card details, decline the transaction",
    "trackingId" : "D6BDCC57-2CF3-4296-81E1-2EFFC3F5BCA7",
    "translated" : null,
    "translatedBy" : null,
    "translatedLanguage" : null
  }, {
    "contributor" : null,
    "crowdJobId" : null,
    "detectedLanguage" : null,
    "developerId" : null,
    "developerTag" : null,
    "exampleEntities" : [ ],
    "nativeLanguageTag" : "en",
    "sentence" : "adjust an expense for Weihai Airport amounting to $500",
    "trackingId" : "E2A3294D-5B05-4AD2-A273-6D0B26B1CE32",
    "translated" : null,
    "translatedBy" : null,
    "translatedLanguage" : null
  }, {
    "contributor" : null,
    "crowdJobId" : null,
    "detectedLanguage" : null,
    "developerId" : null,
    "developerTag" : null,
    "exampleEntities" : [ ],
    "nativeLanguageTag" : "en",
    "sentence" : "change an expense for Bengbu Airport costs over $10",
    "trackingId" : "5A320CC6-E7D9-4426-9816-1D7446062E53",
    "translated" : null,
    "translatedBy" : null,
    "translatedLanguage" : null
  }, {
    "contributor" : null,
    "crowdJobId" : null,
    "detectedLanguage" : null,
    "developerId" : null,
    "developerTag" : null,
    "exampleEntities" : [ ],
    "nativeLanguageTag" : "en",
    "sentence" : "create an expense for Weifang Airport costs over $81",
    "trackingId" : "8B47E153-B002-4D58-A4DE-1B9D9022ECCC",
    "translated" : null,
    "translatedBy" : null,
    "translatedLanguage" : null
  }, {
    "contributor" : null,
    "crowdJobId" : null,
    "detectedLanguage" : null,
    "developerId" : null,
    "developerTag" : null,
    "exampleEntities" : [ ],
    "nativeLanguageTag" : "en",
    "sentence" : "modify an expenditure for Hotan Airport amounting to $500",
    "trackingId" : "3463D1E5-BD43-4958-820C-9E8DB99EBB66",
    "translated" : null,
    "translatedBy" : null,
    "translatedLanguage" : null
  }, {
    "contributor" : null,
    "crowdJobId" : null,
    "detectedLanguage" : null,
    "developerId" : null,
    "developerTag" : null,
    "exampleEntities" : [ ],
    "nativeLanguageTag" : "en",
    "sentence" : "revise an expenditure for Alashankou Bole (Bortala) airport costs over $3,079",
    "trackingId" : "15EA4CB0-4A28-4D2F-9BD7-05067EFF85B6",
    "translated" : null,
    "translatedBy" : null,
    "translatedLanguage" : null
  }, {
    "contributor" : null,
    "crowdJobId" : null,
    "detectedLanguage" : null,
    "developerId" : null,
    "developerTag" : null,
    "exampleEntities" : [ ],
    "nativeLanguageTag" : "en",
    "sentence" : "submit an expenditure for Suzhou Guangfu Airport costs over $36",
    "trackingId" : "719DEB44-EAE2-433E-A6EB-AE41ED710FD0",
    "translated" : null,
    "translatedBy" : null,
    "translatedLanguage" : null
  } ],
  "intentParameters" : [ {
    "entity" : "cbAirportName",
    "name" : "cbAirportName",
    "required" : true,
    "trackingId" : "8B6A5DFC-F602-4AE3-B727-475E44C56687"
  } ],
  "name" : "getAirportInfo",
  "trackingId" : "C0AE2C3B-752F-4190-979A-704505A2B188",
  "type" : "NLPIntent"
}