{
  "autoCompleteData" : [ ],
  "enabled" : true,
  "exampleData" : [ {
    "contributor" : null,
    "crowdJobId" : null,
    "detectedLanguage" : null,
    "developerId" : null,
    "developerTag" : null,
    "exampleEntities" : [ ],
    "nativeLanguageTag" : "en",
    "sentence" : "Hello",
    "trackingId" : "5FD6F244-0B8E-4B79-9DA4-E2A43E475100",
    "translated" : null,
    "translatedBy" : null,
    "translatedLanguage" : null
  }, {
    "contributor" : null,
    "crowdJobId" : null,
    "detectedLanguage" : null,
    "developerId" : null,
    "developerTag" : null,
    "exampleEntities" : [ ],
    "nativeLanguageTag" : "en",
    "sentence" : "Helloo",
    "trackingId" : "4A89910C-EC04-4B06-8910-E2BC1C1FA05C",
    "translated" : null,
    "translatedBy" : null,
    "translatedLanguage" : null
  }, {
    "contributor" : null,
    "crowdJobId" : null,
    "detectedLanguage" : null,
    "developerId" : null,
    "developerTag" : null,
    "exampleEntities" : [ ],
    "nativeLanguageTag" : "en",
    "sentence" : "Hi",
    "trackingId" : "FA5AFC9D-7AFC-4994-A13A-94D59FB8BE72",
    "translated" : null,
    "translatedBy" : null,
    "translatedLanguage" : null
  }, {
    "contributor" : null,
    "crowdJobId" : null,
    "detectedLanguage" : null,
    "developerId" : null,
    "developerTag" : null,
    "exampleEntities" : [ ],
    "nativeLanguageTag" : "en",
    "sentence" : "Hii",
    "trackingId" : "1A375660-4C78-464F-AE1A-65B5D7711A86",
    "translated" : null,
    "translatedBy" : null,
    "translatedLanguage" : null
  }, {
    "contributor" : null,
    "crowdJobId" : null,
    "detectedLanguage" : null,
    "developerId" : null,
    "developerTag" : null,
    "exampleEntities" : [ ],
    "nativeLanguageTag" : "en",
    "sentence" : "Hola",
    "trackingId" : "89810855-FB2D-493F-BDD0-357A01E2CAE0",
    "translated" : null,
    "translatedBy" : null,
    "translatedLanguage" : null
  }, {
    "contributor" : null,
    "crowdJobId" : null,
    "detectedLanguage" : null,
    "developerId" : null,
    "developerTag" : null,
    "exampleEntities" : [ ],
    "nativeLanguageTag" : "en",
    "sentence" : "Welcome",
    "trackingId" : "DEC92523-644B-4108-A685-7AD31D043601",
    "translated" : null,
    "translatedBy" : null,
    "translatedLanguage" : null
  }, {
    "contributor" : null,
    "crowdJobId" : null,
    "detectedLanguage" : null,
    "developerId" : null,
    "developerTag" : null,
    "exampleEntities" : [ ],
    "nativeLanguageTag" : "en",
    "sentence" : "good evening",
    "trackingId" : "6D5F9670-CD76-4DE1-BD7A-CD35D4082C72",
    "translated" : null,
    "translatedBy" : null,
    "translatedLanguage" : null
  }, {
    "contributor" : null,
    "crowdJobId" : null,
    "detectedLanguage" : null,
    "developerId" : null,
    "developerTag" : null,
    "exampleEntities" : [ ],
    "nativeLanguageTag" : "en",
    "sentence" : "good morning",
    "trackingId" : "E904CB2C-D583-4918-9B5F-9A55212BC69B",
    "translated" : null,
    "translatedBy" : null,
    "translatedLanguage" : null
  }, {
    "contributor" : null,
    "crowdJobId" : null,
    "detectedLanguage" : null,
    "developerId" : null,
    "developerTag" : null,
    "exampleEntities" : [ ],
    "nativeLanguageTag" : "en",
    "sentence" : "how can you help me",
    "trackingId" : "C64CA3F0-0B2B-4DB5-9992-657214490793",
    "translated" : null,
    "translatedBy" : null,
    "translatedLanguage" : null
  } ],
  "intentParameters" : [ ],
  "name" : "Welcome",
  "trackingId" : "81190E69-B7CC-4ED6-B5DE-B5E6CC3A8010",
  "type" : "NLPIntent"
}